tick,pitch,X,yaw,Y,Z,steamid,name,label,weapon_name,weapon_type,kill_distance,pitch_delta_at_kill,yaw_delta_at_kill,player_speed
7573,0.10986328,543.25024,156.3104,-1417.5365,-415.96875,76561198173700433,aVa,0,galilar,rifle,253.23002983793793,0.13218689,-0.72576904,0.2045742
7574,0.10986328,542.68494,156.4206,-1416.2218,-415.96875,76561198173700433,aVa,0,galilar,rifle,253.23002983793793,0.13218689,-0.72576904,0.2045742
7575,0.10986328,542.05963,156.55243,-1414.7454,-415.96875,76561198173700433,aVa,0,galilar,rifle,253.23002983793793,0.13218689,-0.72576904,0.2045742
7576,0.10986328,541.3786,156.66263,-1413.1207,-415.96875,76561198173700433,aVa,0,galilar,rifle,253.23002983793793,0.13218689,-0.72576904,0.2045742
7577,0.13217163,540.64575,156.81644,-1411.36,-415.96875,76561198173700433,aVa,0,galilar,rifle,253.23002983793793,0.13218689,-0.72576904,0.2045742
7578,0.17611694,539.8644,157.01453,-1409.4744,-415.96875,76561198173700433,aVa,0,galilar,rifle,253.23002983793793,0.13218689,-0.72576904,0.2045742
7579,0.22006226,539.0366,157.34448,-1407.4751,-415.96875,76561198173700433,aVa,0,galilar,rifle,253.23002983793793,0.13218689,-0.72576904,0.2045742
7580,0.28598022,538.1645,157.71869,-1405.372,-415.96875,76561198173700433,aVa,0,galilar,rifle,253.23002983793793,0.13218689,-0.72576904,0.2045742
7581,0.37387085,537.2495,158.15851,-1403.1741,-415.96875,76561198173700433,aVa,0,galilar,rifle,253.23002983793793,0.13218689,-0.72576904,0.2045742
7582,0.44013977,536.2933,158.64258,-1400.8901,-415.96875,76561198173700433,aVa,0,galilar,rifle,253.23002983793793,0.13218689,-0.72576904,0.2045742
7583,0.55000305,535.24384,159.25848,-1398.6134,-415.96875,76561198173700433,aVa,0,galilar,rifle,253.23002983793793,0.13218689,-0.72576904,0.2045742
7584,0.6378937,534.0126,159.6547,-1396.4192,-415.96875,76561198173700433,aVa,0,galilar,rifle,253.23002983793793,0.13218689,-0.72576904,0.2045742
7585,0.72613525,532.573,159.94067,-1394.3214,-415.96875,76561198173700433,aVa,0,galilar,rifle,253.23002983793793,0.13218689,-0.72576904,0.2045742
7586,0.7920532,530.9787,160.16077,-1392.296,-415.96875,76561198173700433,aVa,0,galilar,rifle,253.23002983793793,0.13218689,-0.72576904,0.2045742
7587,0.8579712,529.2419,160.33655,-1390.3378,-415.96875,76561198173700433,aVa,0,galilar,rifle,253.23002983793793,0.13218689,-0.72576904,0.2045742
7588,0.92388916,527.3743,160.46872,-1388.4421,-415.96875,76561198173700433,aVa,0,galilar,rifle,253.23002983793793,0.13218689,-0.72576904,0.2045742
7589,0.9461975,525.3548,160.53464,-1386.593,-415.96875,76561198173700433,aVa,0,galilar,rifle,253.23002983793793,0.13218689,-0.72576904,0.2045742
7590,0.96817017,523.19525,160.53464,-1384.787,-415.96875,76561198173700433,aVa,0,galilar,rifle,253.23002983793793,0.13218689,-0.72576904,0.2045742
7591,0.96817017,520.9074,160.53464,-1383.0204,-415.96875,76561198173700433,aVa,0,galilar,rifle,253.23002983793793,0.13218689,-0.72576904,0.2045742
7592,0.96817017,518.5016,160.53464,-1381.2902,-415.96875,76561198173700433,aVa,0,galilar,rifle,253.23002983793793,0.13218689,-0.72576904,0.2045742
7593,0.9901428,516.01886,160.53464,-1379.6042,-415.96875,76561198173700433,aVa,0,galilar,rifle,253.23002983793793,0.13218689,-0.72576904,0.2045742
7594,0.9901428,513.4657,160.53464,-1377.9592,-415.96875,76561198173700433,aVa,0,galilar,rifle,253.23002983793793,0.13218689,-0.72576904,0.2045742
7595,1.0340881,510.8479,160.55661,-1376.3516,-415.96875,76561198173700433,aVa,0,galilar,rifle,253.23002983793793,0.13218689,-0.72576904,0.2045742
7596,1.0340881,508.17044,160.55661,-1374.7784,-415.96875,76561198173700433,aVa,0,galilar,rifle,253.23002983793793,0.13218689,-0.72576904,0.2045742
7597,1.0340881,505.43826,160.55661,-1373.2372,-415.96875,76561198173700433,aVa,0,galilar,rifle,253.23002983793793,0.13218689,-0.72576904,0.2045742
7598,1.0340881,502.6558,160.57858,-1371.7251,-415.96875,76561198173700433,aVa,0,galilar,rifle,253.23002983793793,0.13218689,-0.72576904,0.2045742
7599,1.0340881,499.82712,160.57858,-1370.24,-415.96875,76561198173700433,aVa,0,galilar,rifle,253.23002983793793,0.13218689,-0.72576904,0.2045742
7600,1.0340881,496.95584,160.57858,-1368.7795,-415.96875,76561198173700433,aVa,0,galilar,rifle,253.23002983793793,0.13218689,-0.72576904,0.2045742
7601,1.0340881,494.04553,160.57858,-1367.3419,-415.96875,76561198173700433,aVa,0,galilar,rifle,253.23002983793793,0.13218689,-0.72576904,0.2045742
7602,1.0340881,491.09933,160.57858,-1365.925,-415.96875,76561198173700433,aVa,0,galilar,rifle,253.23002983793793,0.13218689,-0.72576904,0.2045742
7603,1.0121155,488.12048,160.51266,-1364.5271,-415.96875,76561198173700433,aVa,0,galilar,rifle,253.23002983793793,0.13218689,-0.72576904,0.2045742
7604,0.9901428,485.1116,160.49069,-1363.1465,-415.96875,76561198173700433,aVa,0,galilar,rifle,253.23002983793793,0.13218689,-0.72576904,0.2045742
7605,0.9901428,482.07492,160.49069,-1361.7816,-415.96875,76561198173700433,aVa,0,galilar,rifle,253.23002983793793,0.13218689,-0.72576904,0.2045742
7606,0.9901428,479.01266,160.49069,-1360.4312,-415.96875,76561198173700433,aVa,0,galilar,rifle,253.23002983793793,0.13218689,-0.72576904,0.2045742
7607,0.9901428,475.93024,160.49069,-1359.0955,-415.96875,76561198173700433,aVa,0,galilar,rifle,253.23002983793793,0.13218689,-0.72576904,0.2045742
7608,1.0121155,472.84027,160.49069,-1357.7772,-415.96875,76561198173700433,aVa,0,galilar,rifle,253.23002983793793,0.13218689,-0.72576904,0.2045742
7609,1.0560608,469.7473,160.49069,-1356.4662,-413.29688,76561198173700433,aVa,0,galilar,rifle,253.23002983793793,0.13218689,-0.72576904,0.2045742
7610,1.1439514,466.6543,160.49069,-1355.1549,-408.84375,76561198173700433,aVa,0,galilar,rifle,253.23002983793793,0.13218689,-0.72576904,0.2045742
7611,1.2321777,463.56125,160.49069,-1353.8436,-404.57812,76561198173700433,aVa,0,galilar,rifle,253.23002983793793,0.13218689,-0.72576904,0.2045742
7612,1.3859863,460.46823,160.55661,-1352.5323,-400.51562,76561198173700433,aVa,0,galilar,rifle,253.23002983793793,0.13218689,-0.72576904,0.2045742
7613,1.5181732,457.3752,160.60056,-1351.2211,-396.64062,76561198173700433,aVa,0,galilar,rifle,253.23002983793793,0.13218689,-0.72576904,0.2045742
7614,1.6939545,454.2822,160.66647,-1349.9098,-392.95312,76561198173700433,aVa,0,galilar,rifle,253.23002983793793,0.13218689,-0.72576904,0.2045742
7615,1.8261414,451.18918,160.66647,-1348.5985,-389.46875,76561198173700433,aVa,0,galilar,rifle,253.23002983793793,0.13218689,-0.72576904,0.2045742
7616,1.97995,448.09616,160.71075,-1347.2872,-386.1875,76561198173700433,aVa,0,galilar,rifle,253.23002983793793,0.13218689,-0.72576904,0.2045742
7617,2.2000122,445.00314,160.7547,-1345.976,-383.09375,76561198173700433,aVa,0,galilar,rifle,253.23002983793793,0.13218689,-0.72576904,0.2045742
7618,2.4640198,441.91013,160.82062,-1344.6647,-380.20312,76561198173700433,aVa,0,galilar,rifle,253.23002983793793,0.13218689,-0.72576904,0.2045742
7619,2.7280426,438.8171,160.84259,-1343.3534,-377.5,76561198173700433,aVa,0,galilar,rifle,253.23002983793793,0.13218689,-0.72576904,0.2045742
7620,2.9700928,435.7241,160.88654,-1342.0421,-374.98438,76561198173700433,aVa,0,galilar,rifle,253.23002983793793,0.13218689,-0.72576904,0.2045742
7621,3.190155,432.63107,160.93082,-1340.7308,-372.6875,76561198173700433,aVa,0,galilar,rifle,253.23002983793793,0.13218689,-0.72576904,0.2045742
7622,3.3439636,429.53806,160.93082,-1339.4196,-370.5625,76561198173700433,aVa,0,galilar,rifle,253.23002983793793,0.13218689,-0.72576904,0.2045742
7623,3.5200806,426.44504,160.88654,-1338.1083,-368.64062,76561198173700433,aVa,0,galilar,rifle,253.23002983793793,0.13218689,-0.72576904,0.2045742
7624,3.6738892,423.35202,160.66647,-1336.797,-366.92188,76561198173700433,aVa,0,galilar,rifle,253.23002983793793,0.13218689,-0.72576904,0.2045742
7625,3.8280487,420.26788,160.49069,-1335.4606,-365.39062,76561198173700433,aVa,0,galilar,rifle,253.23002983793793,0.13218689,-0.72576904,0.2045742
7626,3.9159393,417.23825,160.3805,-1333.9711,-364.0625,76561198173700433,aVa,0,galilar,rifle,253.23002983793793,0.13218689,-0.72576904,0.2045742
7627,3.9159393,414.237,160.35852,-1332.4022,-362.92188,76561198173700433,aVa,0,galilar,rifle,253.23002983793793,0.13218689,-0.72576904,0.2045742
7628,3.9159393,411.23584,160.35852,-1330.8334,-361.96875,76561198173700433,aVa,0,galilar,rifle,253.23002983793793,0.13218689,-0.72576904,0.2045742
7629,3.9159393,408.23468,160.35852,-1329.2645,-361.21875,76561198173700433,aVa,0,galilar,rifle,253.23002983793793,0.13218689,-0.72576904,0.2045742
7630,3.9159393,405.23352,160.35852,-1327.6957,-360.67188,76561198173700433,aVa,0,galilar,rifle,253.23002983793793,0.13218689,-0.72576904,0.2045742
7631,3.8939667,402.2323,160.35852,-1326.1271,-360.3125,76561198173700433,aVa,0,galilar,rifle,253.23002983793793,0.13218689,-0.72576904,0.2045742
7632,3.8939667,399.23108,160.35852,-1324.5585,-360.15625,76561198173700433,aVa,0,galilar,rifle,253.23002983793793,0.13218689,-0.72576904,0.2045742
7633,3.8939667,396.22983,160.35852,-1322.9899,-360.1875,76561198173700433,aVa,0,galilar,rifle,253.23002983793793,0.13218689,-0.72576904,0.2045742
7634,3.8939667,393.2286,160.35852,-1321.4213,-360.42188,76561198173700433,aVa,0,galilar,rifle,253.23002983793793,0.13218689,-0.72576904,0.2045742
7635,3.8939667,390.2274,160.35852,-1319.8527,-360.84375,76561198173700433,aVa,0,galilar,rifle,253.23002983793793,0.13218689,-0.72576904,0.2045742
7636,3.8939667,387.22617,160.35852,-1318.284,-361.45312,76561198173700433,aVa,0,galilar,rifle,253.23002983793793,0.13218689,-0.72576904,0.2045742
7637,3.871994,384.22495,160.33655,-1316.7155,-362.26562,76561198173700433,aVa,0,galilar,rifle,253.23002983793793,0.13218689,-0.72576904,0.2045742
7638,3.8280487,381.22372,160.33655,-1315.1469,-363.28125,76561198173700433,aVa,0,galilar,rifle,253.23002983793793,0.13218689,-0.72576904,0.2045742
7639,3.7841034,378.2225,160.33655,-1313.5782,-364.48438,76561198173700433,aVa,0,galilar,rifle,253.23002983793793,0.13218689,-0.72576904,0.2045742
7640,3.7841034,375.22128,160.31458,-1312.0096,-365.89062,76561198173700433,aVa,0,galilar,rifle,253.23002983793793,0.13218689,-0.72576904,0.2045742
7641,3.7621307,372.22006,160.24866,-1310.441,-367.48438,76561198173700433,aVa,0,galilar,rifle,253.23002983793793,0.13218689,-0.72576904,0.2045742
7642,3.7181854,369.21884,159.94067,-1308.8724,-369.26562,76561198173700433,aVa,0,galilar,rifle,253.23002983793793,0.13218689,-0.72576904,0.2045742
7643,3.6738892,366.21762,159.4566,-1307.3038,-371.25,76561198173700433,aVa,0,galilar,rifle,253.23002983793793,0.13218689,-0.72576904,0.2045742
7644,3.5200806,363.2164,159.0827,-1305.7352,-373.4375,76561198173700433,aVa,0,galilar,rifle,253.23002983793793,0.13218689,-0.72576904,0.2045742
7645,3.5200806,360.21518,159.0827,-1304.1666,-375.8125,76561198173700433,aVa,0,galilar,rifle,253.23002983793793,0.13218689,-0.72576904,0.2045742
7646,3.5200806,357.21396,159.0827,-1302.598,-378.39062,76561198173700433,aVa,0,galilar,rifle,253.23002983793793,0.13218689,-0.72576904,0.2045742
7647,3.5200806,354.21274,159.0827,-1301.0294,-381.15625,76561198173700433,aVa,0,galilar,rifle,253.23002983793793,0.13218689,-0.72576904,0.2045742
7648,3.5200806,351.21152,159.0827,-1299.4608,-384.125,76561198173700433,aVa,0,galilar,rifle,253.23002983793793,0.13218689,-0.72576904,0.2045742
7649,3.5200806,348.2103,159.0827,-1297.8922,-387.28125,76561198173700433,aVa,0,galilar,rifle,253.23002983793793,0.13218689,-0.72576904,0.2045742
7650,3.5200806,345.20908,159.0827,-1296.3236,-390.625,76561198173700433,aVa,0,galilar,rifle,253.23002983793793,0.13218689,-0.72576904,0.2045742
7651,3.5200806,342.20786,159.0827,-1294.755,-394.17188,76561198173700433,aVa,0,galilar,rifle,253.23002983793793,0.13218689,-0.72576904,0.2045742
7652,3.5200806,339.20663,159.0827,-1293.1864,-397.92188,76561198173700433,aVa,0,galilar,rifle,253.23002983793793,0.13218689,-0.72576904,0.2045742
7653,3.5200806,336.2054,159.0827,-1291.6178,-401.85938,76561198173700433,aVa,0,galilar,rifle,253.23002983793793,0.13218689,-0.72576904,0.2045742
7654,3.5200806,333.2042,159.0827,-1290.0492,-406.0,76561198173700433,aVa,0,galilar,rifle,253.23002983793793,0.13218689,-0.72576904,0.2045742
7655,3.5200806,330.20297,159.0827,-1288.4806,-410.32812,76561198173700433,aVa,0,galilar,rifle,253.23002983793793,0.13218689,-0.72576904,0.2045742
7656,3.4761353,327.20175,159.19257,-1286.912,-414.84375,76561198173700433,aVa,0,galilar,rifle,253.23002983793793,0.13218689,-0.72576904,0.2045742
7657,3.3439636,325.00836,159.36871,-1285.7656,-415.96875,76561198173700433,aVa,0,galilar,rifle,253.23002983793793,0.13218689,-0.72576904,0.2045742
7658,3.190155,322.7411,159.5445,-1284.7699,-415.96875,76561198173700433,aVa,0,galilar,rifle,253.23002983793793,0.13218689,-0.72576904,0.2045742
7659,2.9700928,320.3962,159.43463,-1283.9725,-415.96875,76561198173700433,aVa,0,galilar,rifle,253.23002983793793,0.13218689,-0.72576904,0.2045742
7660,2.7280426,317.9688,159.10468,-1283.3815,-415.96875,76561198173700433,aVa,0,galilar,rifle,253.23002983793793,0.13218689,-0.72576904,0.2045742
7661,2.5958557,315.47458,158.88461,-1282.9553,-415.96875,76561198173700433,aVa,0,galilar,rifle,253.23002983793793,0.13218689,-0.72576904,0.2045742
7662,2.4859924,312.9183,158.59863,-1282.6794,-415.96875,76561198173700433,aVa,0,galilar,rifle,253.23002983793793,0.13218689,-0.72576904,0.2045742
7663,2.3761292,310.30435,158.2464,-1282.5402,-415.96875,76561198173700433,aVa,0,galilar,rifle,253.23002983793793,0.13218689,-0.72576904,0.2045742
7664,2.2659302,307.63647,157.74066,-1282.5237,-415.96875,76561198173700433,aVa,0,galilar,rifle,253.23002983793793,0.13218689,-0.72576904,0.2045742
7665,2.1780396,304.91815,157.16833,-1282.6176,-415.96875,76561198173700433,aVa,0,galilar,rifle,253.23002983793793,0.13218689,-0.72576904,0.2045742
7666,2.045868,302.15173,156.39862,-1282.8092,-415.96875,76561198173700433,aVa,0,galilar,rifle,253.23002983793793,0.13218689,-0.72576904,0.2045742
7667,1.8920593,299.3401,155.71643,-1283.0874,-415.96875,76561198173700433,aVa,0,galilar,rifle,253.23002983793793,0.13218689,-0.72576904,0.2045742
7668,1.7598724,296.48557,155.05658,-1283.4419,-415.96875,76561198173700433,aVa,0,galilar,rifle,253.23002983793793,0.13218689,-0.72576904,0.2045742
7669,1.6500092,293.59027,154.2865,-1283.8627,-415.96875,76561198173700433,aVa,0,galilar,rifle,253.23002983793793,0.13218689,-0.72576904,0.2045742
7670,1.5840912,290.65674,153.6706,-1284.3416,-415.96875,76561198173700433,aVa,0,galilar,rifle,253.23002983793793,0.13218689,-0.72576904,0.2045742
7671,1.5840912,287.68814,153.62665,-1284.8737,-415.96875,76561198173700433,aVa,0,galilar,rifle,253.23002983793793,0.13218689,-0.72576904,0.2045742
7672,1.5840912,284.69806,153.62665,-1285.4031,-415.96875,76561198173700433,aVa,0,galilar,rifle,253.23002983793793,0.13218689,-0.72576904,0.2045742
7673,1.5840912,281.69266,153.62665,-1285.7646,-415.96875,76561198173700433,aVa,0,galilar,rifle,253.23002983793793,0.13218689,-0.72576904,0.2045742
7674,1.5840912,278.66946,153.62665,-1285.9327,-415.63513,76561198173700433,aVa,0,galilar,rifle,253.23002983793793,0.13218689,-0.72576904,0.2045742
7675,1.5840912,275.63324,153.62665,-1285.959,-415.46875,76561198173700433,aVa,0,galilar,rifle,253.23002983793793,0.13218689,-0.72576904,0.2045742
7676,1.5840912,272.5849,153.62665,-1285.8547,-415.46875,76561198173700433,aVa,0,galilar,rifle,253.23002983793793,0.13218689,-0.72576904,0.2045742
7677,1.5840912,269.5216,153.62665,-1285.758,-415.46875,76561198173700433,aVa,0,galilar,rifle,253.23002983793793,0.13218689,-0.72576904,0.2045742
7678,1.5840912,266.43393,153.62665,-1285.7595,-415.46875,76561198173700433,aVa,0,galilar,rifle,253.23002983793793,0.13218689,-0.72576904,0.2045742
7679,1.5840912,263.31863,153.62665,-1285.8726,-415.46875,76561198173700433,aVa,0,galilar,rifle,253.23002983793793,0.13218689,-0.72576904,0.2045742
7680,1.5840912,260.1827,153.62665,-1286.0686,-415.46875,76561198173700433,aVa,0,galilar,rifle,253.23002983793793,0.13218689,-0.72576904,0.2045742
7681,1.5840912,257.02792,153.62665,-1286.341,-415.46875,76561198173700433,aVa,0,galilar,rifle,253.23002983793793,0.13218689,-0.72576904,0.2045742
7682,1.5840912,253.85611,153.62665,-1286.6832,-415.46875,76561198173700433,aVa,0,galilar,rifle,253.23002983793793,0.13218689,-0.72576904,0.2045742
7683,1.5840912,250.6686,153.62665,-1287.0901,-415.46875,76561198173700433,aVa,0,galilar,rifle,253.23002983793793,0.13218689,-0.72576904,0.2045742
7684,1.4962006,247.46634,153.6706,-1287.5564,-415.46875,76561198173700433,aVa,0,galilar,rifle,253.23002983793793,0.13218689,-0.72576904,0.2045742
7685,1.473877,244.2506,153.64862,-1288.0774,-415.46875,76561198173700433,aVa,0,galilar,rifle,253.23002983793793,0.13218689,-0.72576904,0.2045742
7686,1.473877,241.02234,153.40656,-1288.647,-415.46875,76561198173700433,aVa,0,galilar,rifle,253.23002983793793,0.13218689,-0.72576904,0.2045742
7687,1.4519043,237.7819,153.07663,-1289.2599,-415.96875,76561198173700433,aVa,0,galilar,rifle,253.23002983793793,0.13218689,-0.72576904,0.2045742
7688,1.4519043,234.52968,152.7024,-1289.9109,-415.96875,76561198173700433,aVa,0,galilar,rifle,253.23002983793793,0.13218689,-0.72576904,0.2045742
7689,1.5401459,231.26608,152.30655,-1290.595,-415.96875,76561198173700433,aVa,0,galilar,rifle,253.23002983793793,0.13218689,-0.72576904,0.2045742
7690,1.6060638,227.99155,151.8884,-1291.3076,-415.96875,76561198173700433,aVa,0,galilar,rifle,253.23002983793793,0.13218689,-0.72576904,0.2045742
7691,1.6939545,224.7136,151.51453,-1292.0427,-415.96875,76561198173700433,aVa,0,galilar,rifle,253.23002983793793,0.13218689,-0.72576904,0.2045742
7692,1.782196,221.43936,151.11865,-1292.7943,-415.96875,76561198173700433,aVa,0,galilar,rifle,253.23002983793793,0.13218689,-0.72576904,0.2045742
7693,1.8261414,218.16817,150.74445,-1293.5497,-415.96875,76561198173700433,aVa,0,galilar,rifle,253.23002983793793,0.13218689,-0.72576904,0.2045742
7694,1.8700867,214.9115,150.26068,-1294.1033,-415.96875,76561198173700433,aVa,0,galilar,rifle,253.23002983793793,0.13218689,-0.72576904,0.2045742
7695,1.914032,211.67172,149.82056,-1294.4402,-415.96875,76561198173700433,aVa,0,galilar,rifle,253.23002983793793,0.13218689,-0.72576904,0.2045742
7696,1.97995,208.4467,149.31451,-1294.6022,-415.96875,76561198173700433,aVa,0,galilar,rifle,253.23002983793793,0.13218689,-0.72576904,0.2045742
7697,2.045868,205.21898,148.72055,-1294.7338,-415.96875,76561198173700433,aVa,0,galilar,rifle,253.23002983793793,0.13218689,-0.72576904,0.2045742
7698,2.090149,201.9726,148.06067,-1294.9198,-415.96875,76561198173700433,aVa,0,galilar,rifle,253.23002983793793,0.13218689,-0.72576904,0.2045742
7699,2.090149,198.70436,147.31259,-1295.1628,-415.96875,76561198173700433,aVa,0,galilar,rifle,253.23002983793793,0.13218689,-0.72576904,0.2045742
7700,2.0681763,195.41864,146.45462,-1295.4434,-415.96875,76561198173700433,aVa,0,galilar,rifle,253.23002983793793,0.13218689,-0.72576904,0.2045742
7701,2.045868,192.11586,145.50876,-1295.7538,-415.96875,76561198173700433,aVa,0,galilar,rifle,253.23002983793793,0.13218689,-0.72576904,0.2045742
7702,2.0238953,188.79651,144.51862,-1296.0867,-415.96875,76561198173700433,aVa,0,galilar,rifle,253.23002983793793,0.13218689,-0.72576904,0.2045742
7703,2.0238953,185.46143,143.33072,-1296.4342,-415.96875,76561198173700433,aVa,0,galilar,rifle,253.23002983793793,0.13218689,-0.72576904,0.2045742
7704,2.0238953,182.12053,141.74664,-1296.7861,-415.96875,76561198173700433,aVa,0,galilar,rifle,253.23002983793793,0.13218689,-0.72576904,0.2045742
7705,1.9360046,178.77922,140.18451,-1297.134,-415.96875,76561198173700433,aVa,0,galilar,rifle,253.23002983793793,0.13218689,-0.72576904,0.2045742
7706,1.8700867,175.43683,138.7326,-1297.4714,-415.96875,76561198173700433,aVa,0,galilar,rifle,253.23002983793793,0.13218689,-0.72576904,0.2045742
7707,1.7378998,172.09274,137.23639,-1297.7916,-415.96875,76561198173700433,aVa,0,galilar,rifle,253.23002983793793,0.13218689,-0.72576904,0.2045742
7708,1.6500092,168.74657,135.87274,-1298.0892,-415.96875,76561198173700433,aVa,0,galilar,rifle,253.23002983793793,0.13218689,-0.72576904,0.2045742
7709,1.5840912,165.41125,135.05872,-1298.4047,-415.96875,76561198173700433,aVa,0,galilar,rifle,253.23002983793793,0.13218689,-0.72576904,0.2045742
7710,1.5840912,162.14178,135.05872,-1298.8953,-415.96875,76561198173700433,aVa,0,galilar,rifle,253.23002983793793,0.13218689,-0.72576904,0.2045742
7711,1.5840912,158.94809,135.05872,-1299.5879,-415.96875,76561198173700433,aVa,0,galilar,rifle,253.23002983793793,0.13218689,-0.72576904,0.2045742
7712,1.5840912,155.81003,135.05872,-1300.4286,-415.96875,76561198173700433,aVa,0,galilar,rifle,253.23002983793793,0.13218689,-0.72576904,0.2045742
7713,1.5840912,152.92703,135.05872,-1301.2009,-415.96875,76561198173700433,aVa,0,galilar,rifle,253.23002983793793,0.13218689,-0.72576904,0.2045742
7714,1.5840912,150.27821,135.05872,-1301.9104,-415.96875,76561198173700433,aVa,0,galilar,rifle,253.23002983793793,0.13218689,-0.72576904,0.2045742
7715,1.5840912,147.84473,135.05872,-1302.5625,-415.96875,76561198173700433,aVa,0,galilar,rifle,253.23002983793793,0.13218689,-0.72576904,0.2045742
7716,1.5840912,145.60909,135.05872,-1303.1616,-415.96875,76561198173700433,aVa,0,galilar,rifle,253.23002983793793,0.13218689,-0.72576904,0.2045742
7717,1.5840912,143.55513,135.05872,-1303.7118,-415.96875,76561198173700433,aVa,0,galilar,rifle,253.23002983793793,0.13218689,-0.72576904,0.2045742
7718,1.5840912,141.87424,135.05872,-1304.1874,-415.96875,76561198173700433,aVa,0,galilar,rifle,253.23002983793793,0.13218689,-0.72576904,0.2045742
7719,1.5840912,140.21832,135.05872,-1304.7438,-415.96875,76561198173700433,aVa,0,galilar,rifle,253.23002983793793,0.13218689,-0.72576904,0.2045742
7720,1.4519043,138.58875,135.21252,-1305.3732,-415.96875,76561198173700433,aVa,0,galilar,rifle,253.23002983793793,0.13218689,-0.72576904,0.2045742
7721,1.4519043,136.98586,135.2345,-1306.0676,-415.96875,76561198173700433,aVa,0,galilar,rifle,253.23002983793793,0.13218689,-0.72576904,0.2045742
7722,1.5181732,135.40938,135.08069,-1306.8202,-415.96875,76561198173700433,aVa,0,galilar,rifle,253.23002983793793,0.13218689,-0.72576904,0.2045742
7723,1.473877,133.8577,134.33258,-1307.6226,-415.96875,76561198173700433,aVa,0,galilar,rifle,253.23002983793793,0.13218689,-0.72576904,0.2045742
7724,1.342041,132.32874,133.5625,-1308.4674,-415.96875,76561198173700433,aVa,0,galilar,rifle,253.23002983793793,0.13218689,-0.72576904,0.2045742
7725,1.2321777,130.82013,132.79242,-1309.3481,-415.96875,76561198173700433,aVa,0,galilar,rifle,253.23002983793793,0.13218689,-0.72576904,0.2045742
7726,1.1878967,129.32965,132.17651,-1310.2592,-415.96875,76561198173700433,aVa,0,galilar,rifle,253.23002983793793,0.13218689,-0.72576904,0.2045742
7727,1.1000061,127.85472,131.71442,-1311.1952,-415.96875,76561198173700433,aVa,0,galilar,rifle,253.23002983793793,0.13218689,-0.72576904,0.2045742
7728,1.0560608,126.39323,131.36249,-1312.1521,-415.96875,76561198173700433,aVa,0,galilar,rifle,253.23002983793793,0.13218689,-0.72576904,0.2045742
7729,1.0340881,124.94358,131.1644,-1313.1268,-415.96875,76561198173700433,aVa,0,galilar,rifle,253.23002983793793,0.13218689,-0.72576904,0.2045742
7730,0.9901428,123.50469,131.01059,-1314.1173,-415.96875,76561198173700433,aVa,0,galilar,rifle,253.23002983793793,0.13218689,-0.72576904,0.2045742
7731,0.9461975,122.07527,130.83447,-1315.1215,-415.96875,76561198173700433,aVa,0,galilar,rifle,253.23002983793793,0.13218689,-0.72576904,0.2045742
7732,0.9019165,120.65417,130.63635,-1316.1373,-415.96875,76561198173700433,aVa,0,galilar,rifle,253.23002983793793,0.13218689,-0.72576904,0.2045742
7733,0.87994385,119.240364,130.43826,-1317.1633,-415.96875,76561198173700433,aVa,0,galilar,rifle,253.23002983793793,0.13218689,-0.72576904,0.2045742
7734,0.8579712,117.83294,130.19623,-1318.1981,-415.96875,76561198173700433,aVa,0,galilar,rifle,253.23002983793793,0.13218689,-0.72576904,0.2045742
7735,0.83599854,116.430916,129.88828,-1319.2402,-415.96875,76561198173700433,aVa,0,galilar,rifle,253.23002983793793,0.13218689,-0.72576904,0.2045742
7736,0.7920532,115.03321,129.47046,-1320.2881,-415.96875,76561198173700433,aVa,0,galilar,rifle,253.23002983793793,0.13218689,-0.72576904,0.2045742
7737,0.72613525,113.638695,129.05228,-1321.3402,-415.96875,76561198173700433,aVa,0,galilar,rifle,253.23002983793793,0.13218689,-0.72576904,0.2045742
7738,0.65986633,112.24662,128.63446,-1322.3955,-415.96875,76561198173700433,aVa,0,galilar,rifle,253.23002983793793,0.13218689,-0.72576904,0.2045742
7739,0.59394836,110.85621,128.1943,-1323.453,-415.96875,76561198173700433,aVa,0,galilar,rifle,253.23002983793793,0.13218689,-0.72576904,0.2045742
7740,0.5280304,109.46636,127.66629,-1324.5112,-415.96875,76561198173700433,aVa,0,galilar,rifle,253.23002983793793,0.13218689,-0.72576904,0.2045742
7741,0.46211243,108.07642,127.20453,-1325.5693,-415.96875,76561198173700433,aVa,0,galilar,rifle,253.23002983793793,0.13218689,-0.72576904,0.2045742
7742,0.44013977,106.68582,126.76437,-1326.6266,-415.96875,76561198173700433,aVa,0,galilar,rifle,253.23002983793793,0.13218689,-0.72576904,0.2045742
7743,0.4181671,105.29399,126.34619,-1327.6823,-415.96875,76561198173700433,aVa,0,galilar,rifle,253.23002983793793,0.13218689,-0.72576904,0.2045742
7744,0.39619446,103.900246,125.97232,-1328.7354,-415.96875,76561198173700433,aVa,0,galilar,rifle,253.23002983793793,0.13218689,-0.72576904,0.2045742
7745,0.39619446,102.50418,125.57648,-1329.7854,-415.96875,76561198173700433,aVa,0,galilar,rifle,253.23002983793793,0.13218689,-0.72576904,0.2045742
7746,0.37387085,101.10552,125.24655,-1330.832,-415.96875,76561198173700433,aVa,0,galilar,rifle,253.23002983793793,0.13218689,-0.72576904,0.2045742
7747,0.37387085,99.704094,124.93823,-1331.8749,-415.96875,76561198173700433,aVa,0,galilar,rifle,253.23002983793793,0.13218689,-0.72576904,0.2045742
7748,0.37387085,98.29957,124.65225,-1332.9136,-415.96875,76561198173700433,aVa,0,galilar,rifle,253.23002983793793,0.13218689,-0.72576904,0.2045742
7749,0.37387085,96.89186,124.300354,-1333.948,-415.96875,76561198173700433,aVa,0,galilar,rifle,253.23002983793793,0.13218689,-0.72576904,0.2045742
7750,0.3518982,95.48083,123.99237,-1334.9778,-415.96875,76561198173700433,aVa,0,galilar,rifle,253.23002983793793,0.13218689,-0.72576904,0.2045742
7751,0.32992554,94.06628,123.64047,-1336.0028,-415.96875,76561198173700433,aVa,0,galilar,rifle,253.23002983793793,0.13218689,-0.72576904,0.2045742
7752,0.30795288,92.647995,123.288574,-1337.0226,-415.96875,76561198173700433,aVa,0,galilar,rifle,253.23002983793793,0.13218689,-0.72576904,0.2045742
7753,0.28598022,91.22552,122.84845,-1338.0365,-415.96875,76561198173700433,aVa,0,galilar,rifle,253.23002983793793,0.13218689,-0.72576904,0.2045742
7754,0.26400757,89.798546,122.43027,-1339.0441,-415.96875,76561198173700433,aVa,0,galilar,rifle,253.23002983793793,0.13218689,-0.72576904,0.2045742
7755,0.24203491,88.36675,121.92456,-1340.0448,-415.96875,76561198173700433,aVa,0,galilar,rifle,253.23002983793793,0.13218689,-0.72576904,0.2045742
7756,0.22006226,86.929955,121.50638,-1341.0383,-415.96875,76561198173700433,aVa,0,galilar,rifle,253.23002983793793,0.13218689,-0.72576904,0.2045742
7757,0.1980896,85.487976,121.08823,-1342.0244,-415.96875,76561198173700433,aVa,0,galilar,rifle,253.23002983793793,0.13218689,-0.72576904,0.2045742
7758,0.17611694,84.040596,120.58252,-1343.0024,-415.96875,76561198173700433,aVa,0,galilar,rifle,253.23002983793793,0.13218689,-0.72576904,0.2045742
7759,0.15414429,82.58774,120.142365,-1343.9724,-415.96875,76561198173700433,aVa,0,galilar,rifle,253.23002983793793,0.13218689,-0.72576904,0.2045742
7760,0.15414429,81.12901,119.5484,-1344.9335,-415.96875,76561198173700433,aVa,0,galilar,rifle,253.23002983793793,0.13218689,-0.72576904,0.2045742
7761,0.13217163,79.66415,118.95447,-1345.8851,-415.96875,76561198173700433,aVa,0,galilar,rifle,253.23002983793793,0.13218689,-0.72576904,0.2045742
7762,0.13217163,78.193054,118.49237,-1346.8271,-415.96875,76561198173700433,aVa,0,galilar,rifle,253.23002983793793,0.13218689,-0.72576904,0.2045742
7763,0.15414429,76.71562,117.964325,-1347.7593,-415.96875,76561198173700433,aVa,0,galilar,rifle,253.23002983793793,0.13218689,-0.72576904,0.2045742
7764,0.15414429,75.23162,117.45825,-1348.6809,-415.96875,76561198173700433,aVa,0,galilar,rifle,253.23002983793793,0.13218689,-0.72576904,0.2045742
7765,0.15414429,73.74112,117.01846,-1349.5919,-415.96875,76561198173700433,aVa,0,galilar,rifle,253.23002983793793,0.13218689,-0.72576904,0.2045742
7766,0.17611694,72.24413,116.60031,-1350.4923,-415.96875,76561198173700433,aVa,0,galilar,rifle,253.23002983793793,0.13218689,-0.72576904,0.2045742
7767,0.17611694,70.8281,116.24841,-1351.3419,-415.96875,76561198173700433,aVa,0,galilar,rifle,253.23002983793793,0.13218689,-0.72576904,0.2045742
7768,0.17611694,69.525505,115.80826,-1352.1235,-415.96875,76561198173700433,aVa,0,galilar,rifle,253.23002983793793,0.13218689,-0.72576904,0.2045742
7769,0.17611694,68.34723,115.412415,-1352.8308,-415.96875,76561198173700433,aVa,0,galilar,rifle,253.23002983793793,0.13218689,-0.72576904,0.2045742
7770,0.17611694,67.109535,114.928314,-1353.5529,-415.96875,76561198173700433,aVa,0,galilar,rifle,253.23002983793793,0.13218689,-0.72576904,0.2045742
7771,0.1980896,65.81353,114.31241,-1354.2882,-415.96875,76561198173700433,aVa,0,galilar,rifle,253.23002983793793,0.13218689,-0.72576904,0.2045742
7772,0.1980896,64.4619,113.65253,-1355.034,-415.96875,76561198173700433,aVa,0,galilar,rifle,253.23002983793793,0.13218689,-0.72576904,0.2045742
7773,0.1980896,63.059254,113.01428,-1355.7876,-415.96875,76561198173700433,aVa,0,galilar,rifle,253.23002983793793,0.13218689,-0.72576904,0.2045742
7774,0.1980896,61.609802,112.1124,-1356.4121,-415.96875,76561198173700433,aVa,0,galilar,rifle,253.23002983793793,0.13218689,-0.72576904,0.2045742
7775,0.15414429,60.118538,111.07831,-1356.9153,-415.96875,76561198173700433,aVa,0,galilar,rifle,253.23002983793793,0.13218689,-0.72576904,0.2045742
7776,0.13217163,58.589996,110.04422,-1357.304,-415.96875,76561198173700433,aVa,0,galilar,rifle,253.23002983793793,0.13218689,-0.72576904,0.2045742
7777,0.06591797,57.029037,108.76843,-1357.5836,-415.96875,76561198173700433,aVa,0,galilar,rifle,253.23002983793793,0.13218689,-0.72576904,0.2045742
7778,-0.021972656,55.62216,107.40442,-1357.5779,-415.96875,76561198173700433,aVa,0,galilar,rifle,253.23002983793793,0.13218689,-0.72576904,0.2045742
7779,-0.17611694,54.86929,105.86426,-1356.8243,-415.96875,76561198173700433,aVa,0,galilar,rifle,253.23002983793793,0.13218689,-0.72576904,0.2045742
7780,-0.41781616,54.068653,104.28015,-1356.0231,-415.96875,76561198173700433,aVa,0,galilar,rifle,253.23002983793793,0.13218689,-0.72576904,0.2045742
7781,-0.65986633,53.218655,102.67444,-1355.1737,-415.96875,76561198173700433,aVa,0,galilar,rifle,253.23002983793793,0.13218689,-0.72576904,0.2045742
7782,-0.8579712,52.320194,101.37634,-1354.2745,-415.96875,76561198173700433,aVa,0,galilar,rifle,253.23002983793793,0.13218689,-0.72576904,0.2045742
7783,-0.9901428,51.37845,100.78241,-1353.3319,-415.96875,76561198173700433,aVa,0,galilar,rifle,253.23002983793793,0.13218689,-0.72576904,0.2045742
7784,-0.9901428,50.46161,100.78241,-1352.1935,-415.96875,76561198173700433,aVa,0,galilar,rifle,253.23002983793793,0.13218689,-0.72576904,0.2045742
7785,-0.9901428,49.526596,100.78241,-1350.9185,-415.96875,76561198173700433,aVa,0,galilar,rifle,253.23002983793793,0.13218689,-0.72576904,0.2045742
7786,-0.9901428,48.431953,100.78241,-1349.5857,-415.96875,76561198173700433,aVa,0,galilar,rifle,253.23002983793793,0.13218689,-0.72576904,0.2045742
7787,-0.9901428,47.153126,100.78241,-1348.1863,-415.96875,76561198173700433,aVa,0,galilar,rifle,253.23002983793793,0.13218689,-0.72576904,0.2045742
7788,-0.9901428,45.739265,100.78241,-1346.7384,-415.96875,76561198173700433,aVa,0,galilar,rifle,253.23002983793793,0.13218689,-0.72576904,0.2045742
7789,-0.9901428,44.20159,100.78241,-1345.2457,-415.96875,76561198173700433,aVa,0,galilar,rifle,253.23002983793793,0.13218689,-0.72576904,0.2045742
7790,-0.9901428,42.54997,100.78241,-1343.7118,-415.96875,76561198173700433,aVa,0,galilar,rifle,253.23002983793793,0.13218689,-0.72576904,0.2045742
7791,-0.9901428,40.79382,100.78241,-1342.1401,-415.96875,76561198173700433,aVa,0,galilar,rifle,253.23002983793793,0.13218689,-0.72576904,0.2045742
7792,-0.9901428,38.94167,100.78241,-1340.5339,-415.96875,76561198173700433,aVa,0,galilar,rifle,253.23002983793793,0.13218689,-0.72576904,0.2045742
7793,-0.9901428,37.00114,100.78241,-1338.8959,-415.96875,76561198173700433,aVa,0,galilar,rifle,253.23002983793793,0.13218689,-0.72576904,0.2045742
7794,-0.9901428,34.979416,100.78241,-1337.2286,-415.96875,76561198173700433,aVa,0,galilar,rifle,253.23002983793793,0.13218689,-0.72576904,0.2045742
7795,-0.9901428,32.88322,100.78241,-1335.5345,-415.96875,76561198173700433,aVa,0,galilar,rifle,253.23002983793793,0.13218689,-0.72576904,0.2045742
7796,-0.9901428,30.718836,100.78241,-1333.8158,-415.96875,76561198173700433,aVa,0,galilar,rifle,253.23002983793793,0.13218689,-0.72576904,0.2045742
7797,-0.9901428,28.491646,100.78241,-1332.0741,-415.96875,76561198173700433,aVa,0,galilar,rifle,253.23002983793793,0.13218689,-0.72576904,0.2045742
7798,-0.9901428,26.206585,100.78241,-1330.3118,-415.96875,76561198173700433,aVa,0,galilar,rifle,253.23002983793793,0.13218689,-0.72576904,0.2045742
7799,-0.65986633,23.869528,100.45245,-1328.5288,-415.96875,76561198173700433,aVa,0,galilar,rifle,253.23002983793793,0.13218689,-0.72576904,0.2045742
7800,-0.28598022,21.48785,99.286194,-1326.7222,-415.96875,76561198173700433,aVa,0,galilar,rifle,253.23002983793793,0.13218689,-0.72576904,0.2045742
7801,0.10986328,19.071447,97.2623,-1324.8859,-415.96875,76561198173700433,aVa,0,galilar,rifle,253.23002983793793,0.13218689,-0.72576904,0.2045742
7802,0.37387085,16.630358,94.99637,-1323.0133,-415.96875,76561198173700433,aVa,0,galilar,rifle,253.23002983793793,0.13218689,-0.72576904,0.2045742
7803,0.55000305,14.1739,92.73044,-1321.0985,-415.96875,76561198173700433,aVa,0,galilar,rifle,253.23002983793793,0.13218689,-0.72576904,0.2045742
7804,0.65986633,11.713962,89.7384,-1319.1343,-415.96875,76561198173700433,aVa,0,galilar,rifle,253.23002983793793,0.13218689,-0.72576904,0.2045742
7805,0.7041626,9.261204,86.922455,-1317.115,-415.96875,76561198173700433,aVa,0,galilar,rifle,253.23002983793793,0.13218689,-0.72576904,0.2045742
7806,0.6378937,6.7317305,84.63422,-1315.2128,-415.96875,76561198173700433,aVa,0,galilar,rifle,253.23002983793793,0.13218689,-0.72576904,0.2045742
7807,0.615921,4.1216187,83.24823,-1313.4309,-415.96875,76561198173700433,aVa,0,galilar,rifle,253.23002983793793,0.13218689,-0.72576904,0.2045742
7808,0.615921,1.4323931,83.24823,-1311.7665,-415.96875,76561198173700433,aVa,0,galilar,rifle,253.23002983793793,0.13218689,-0.72576904,0.2045742
7809,0.615921,-1.3250122,83.24823,-1310.2035,-415.96875,76561198173700433,aVa,0,galilar,rifle,253.23002983793793,0.13218689,-0.72576904,0.2045742
7810,0.615921,-4.1452026,83.24823,-1308.7333,-415.96875,76561198173700433,aVa,0,galilar,rifle,253.23002983793793,0.13218689,-0.72576904,0.2045742
7811,0.615921,-6.956787,83.24823,-1307.2346,-415.96875,76561198173700433,aVa,0,galilar,rifle,253.23002983793793,0.13218689,-0.72576904,0.2045742
7812,0.615921,-9.719299,83.24823,-1305.633,-415.96875,76561198173700433,aVa,0,galilar,rifle,253.23002983793793,0.13218689,-0.72576904,0.2045742
7813,0.615921,-12.427063,83.24823,-1303.9154,-415.96875,76561198173700433,aVa,0,galilar,rifle,253.23002983793793,0.13218689,-0.72576904,0.2045742
7814,0.615921,-15.093567,83.24823,-1302.1107,-415.96875,76561198173700433,aVa,0,galilar,rifle,253.23002983793793,0.13218689,-0.72576904,0.2045742
7815,0.615921,-17.721924,83.24823,-1300.2257,-415.96875,76561198173700433,aVa,0,galilar,rifle,253.23002983793793,0.13218689,-0.72576904,0.2045742
7816,0.615921,-20.315308,83.24823,-1298.2671,-415.96875,76561198173700433,aVa,0,galilar,rifle,253.23002983793793,0.13218689,-0.72576904,0.2045742
7817,0.615921,-22.876831,83.24823,-1296.2407,-415.96875,76561198173700433,aVa,0,galilar,rifle,253.23002983793793,0.13218689,-0.72576904,0.2045742
7818,0.5719757,-25.419983,83.22626,-1294.1744,-415.96875,76561198173700433,aVa,0,galilar,rifle,253.23002983793793,0.13218689,-0.72576904,0.2045742
7819,0.65986633,-28.041626,82.852356,-1292.2384,-415.96875,76561198173700433,aVa,0,galilar,rifle,253.23002983793793,0.13218689,-0.72576904,0.2045742
7820,0.9019165,-30.748413,81.95044,-1290.4392,-415.96875,76561198173700433,aVa,0,galilar,rifle,253.23002983793793,0.13218689,-0.72576904,0.2045742
7821,1.1219788,-33.51996,80.454254,-1288.7384,-415.96875,76561198173700433,aVa,0,galilar,rifle,253.23002983793793,0.13218689,-0.72576904,0.2045742
7822,1.2541504,-36.27832,78.672424,-1287.0138,-415.96875,76561198173700433,aVa,0,galilar,rifle,253.23002983793793,0.13218689,-0.72576904,0.2045742
7823,1.2980957,-38.968384,77.066345,-1285.1875,-415.96875,76561198173700433,aVa,0,galilar,rifle,253.23002983793793,0.13218689,-0.72576904,0.2045742
7824,1.2541504,-41.572388,75.35042,-1283.2406,-415.96875,76561198173700433,aVa,0,galilar,rifle,253.23002983793793,0.13218689,-0.72576904,0.2045742
7825,1.1439514,-44.10321,73.59021,-1281.1982,-415.96875,76561198173700433,aVa,0,galilar,rifle,253.23002983793793,0.13218689,-0.72576904,0.2045742
7826,1.0340881,-46.560547,72.20421,-1279.0652,-415.96875,76561198173700433,aVa,0,galilar,rifle,253.23002983793793,0.13218689,-0.72576904,0.2045742
7827,0.9901428,-49.07196,71.17047,-1276.9905,-415.96875,76561198173700433,aVa,0,galilar,rifle,253.23002983793793,0.13218689,-0.72576904,0.2045742
7828,0.9901428,-51.649963,69.69623,-1274.9841,-415.96875,76561198173700433,aVa,0,galilar,rifle,253.23002983793793,0.13218689,-0.72576904,0.2045742
7829,0.9901428,-54.29236,68.464386,-1273.0399,-415.96875,76561198173700433,aVa,0,galilar,rifle,253.23002983793793,0.13218689,-0.72576904,0.2045742
7830,1.0121155,-56.98578,67.01248,-1271.141,-415.96875,76561198173700433,aVa,0,galilar,rifle,253.23002983793793,0.13218689,-0.72576904,0.2045742
7831,1.0340881,-59.72351,65.626495,-1269.2775,-415.96875,76561198173700433,aVa,0,galilar,rifle,253.23002983793793,0.13218689,-0.72576904,0.2045742
7832,1.1000061,-62.498596,64.21817,-1267.4398,-415.96875,76561198173700433,aVa,0,galilar,rifle,253.23002983793793,0.13218689,-0.72576904,0.2045742
7833,1.2098694,-65.3053,62.92041,-1265.62,-415.96875,76561198173700433,aVa,0,galilar,rifle,253.23002983793793,0.13218689,-0.72576904,0.2045742
7834,1.2980957,-68.1358,61.31436,-1263.8107,-415.96875,76561198173700433,aVa,0,galilar,rifle,253.23002983793793,0.13218689,-0.72576904,0.2045742
7835,1.407959,-70.97327,60.126465,-1262.0123,-415.96875,76561198173700433,aVa,0,galilar,rifle,253.23002983793793,0.13218689,-0.72576904,0.2045742
7836,1.4962006,-73.8136,58.762436,-1260.2184,-415.96875,76561198173700433,aVa,0,galilar,rifle,253.23002983793793,0.13218689,-0.72576904,0.2045742
7837,1.5621185,-76.652954,57.33249,-1258.423,-415.96875,76561198173700433,aVa,0,galilar,rifle,253.23002983793793,0.13218689,-0.72576904,0.2045742
7838,1.6280365,-79.48828,56.1882,-1256.6212,-415.96875,76561198173700433,aVa,0,galilar,rifle,253.23002983793793,0.13218689,-0.72576904,0.2045742
7839,1.6060638,-82.31708,55.022278,-1254.8092,-415.96875,76561198173700433,aVa,0,galilar,rifle,253.23002983793793,0.13218689,-0.72576904,0.2045742
7840,1.5621185,-85.13605,53.592346,-1252.9819,-415.96875,76561198173700433,aVa,0,galilar,rifle,253.23002983793793,0.13218689,-0.72576904,0.2045742
7841,1.5621185,-87.94263,52.448395,-1251.1357,-415.96875,76561198173700433,aVa,0,galilar,rifle,253.23002983793793,0.13218689,-0.72576904,0.2045742
7842,1.5621185,-90.73462,51.392334,-1249.2675,-415.96875,76561198173700433,aVa,0,galilar,rifle,253.23002983793793,0.13218689,-0.72576904,0.2045742
7843,1.5621185,-93.50958,50.204437,-1247.3741,-415.96875,76561198173700433,aVa,0,galilar,rifle,253.23002983793793,0.13218689,-0.72576904,0.2045742
7844,1.5181732,-96.26587,49.08246,-1245.4536,-415.96875,76561198173700433,aVa,0,galilar,rifle,253.23002983793793,0.13218689,-0.72576904,0.2045742
7845,1.473877,-99.00165,48.070343,-1243.504,-415.96875,76561198173700433,aVa,0,galilar,rifle,253.23002983793793,0.13218689,-0.72576904,0.2045742
7846,1.4299316,-101.7157,47.10251,-1241.5243,-415.96875,76561198173700433,aVa,0,galilar,rifle,253.23002983793793,0.13218689,-0.72576904,0.2045742
7847,1.4299316,-104.407166,46.288483,-1239.5139,-415.96875,76561198173700433,aVa,0,galilar,rifle,253.23002983793793,0.13218689,-0.72576904,0.2045742
7848,1.4299316,-107.075195,45.474472,-1237.4725,-415.96875,76561198173700433,aVa,0,galilar,rifle,253.23002983793793,0.13218689,-0.72576904,0.2045742
7849,1.4299316,-109.719666,44.858215,-1235.4008,-415.96875,76561198173700433,aVa,0,galilar,rifle,253.23002983793793,0.13218689,-0.72576904,0.2045742
7850,1.407959,-112.34021,44.220306,-1233.2988,-415.96875,76561198173700433,aVa,0,galilar,rifle,253.23002983793793,0.13218689,-0.72576904,0.2045742
7851,1.3859863,-114.93292,43.67032,-1231.1805,-415.96875,76561198173700433,aVa,0,galilar,rifle,253.23002983793793,0.13218689,-0.72576904,0.2045742
7852,1.3640137,-117.31763,43.296432,-1229.2318,-415.96875,76561198173700433,aVa,0,galilar,rifle,253.23002983793793,0.13218689,-0.72576904,0.2045742
7853,1.342041,-119.49017,43.18622,-1227.4567,-415.96875,76561198173700433,aVa,0,galilar,rifle,253.23002983793793,0.13218689,-0.72576904,0.2045742
7854,1.342041,-121.29071,43.098328,-1226.0347,-415.96875,76561198173700433,aVa,0,galilar,rifle,253.23002983793793,0.13218689,-0.72576904,0.2045742
7855,1.342041,-122.7298,42.96649,-1224.9568,-415.96875,76561198173700433,aVa,0,galilar,rifle,253.23002983793793,0.13218689,-0.72576904,0.2045742
7856,1.3200684,-123.85669,42.592285,-1224.179,-415.96875,76561198173700433,aVa,0,galilar,rifle,253.23002983793793,0.13218689,-0.72576904,0.2045742
7857,1.2541504,-124.69891,41.932404,-1223.6793,-415.96875,76561198173700433,aVa,0,galilar,rifle,253.23002983793793,0.13218689,-0.72576904,0.2045742
7858,1.1439514,-125.26355,41.18431,-1223.4487,-415.96875,76561198173700433,aVa,0,galilar,rifle,253.23002983793793,0.13218689,-0.72576904,0.2045742
7859,1.0560608,-125.54675,40.502472,-1223.476,-415.96875,76561198173700433,aVa,0,galilar,rifle,253.23002983793793,0.13218689,-0.72576904,0.2045742
7860,1.0121155,-125.54254,40.12825,-1223.7141,-415.96875,76561198173700433,aVa,0,galilar,rifle,253.23002983793793,0.13218689,-0.72576904,0.2045742
7861,1.0121155,-125.3548,39.95247,-1224.0719,-415.96875,76561198173700433,aVa,0,galilar,rifle,253.23002983793793,0.13218689,-0.72576904,0.2045742
7862,1.0560608,-125.02948,39.79831,-1224.5614,-415.96875,76561198173700433,aVa,0,galilar,rifle,253.23002983793793,0.13218689,-0.72576904,0.2045742
7863,1.1659241,-124.57727,39.336212,-1225.1896,-415.96875,76561198173700433,aVa,0,galilar,rifle,253.23002983793793,0.13218689,-0.72576904,0.2045742
7864,1.2541504,-124.00391,38.654358,-1225.9608,-415.96875,76561198173700433,aVa,0,galilar,rifle,253.23002983793793,0.13218689,-0.72576904,0.2045742
7865,1.3200684,-123.31464,37.664215,-1226.8792,-415.96875,76561198173700433,aVa,0,galilar,rifle,253.23002983793793,0.13218689,-0.72576904,0.2045742
7866,1.3859863,-122.51361,36.762314,-1227.9474,-415.96875,76561198173700433,aVa,0,galilar,rifle,253.23002983793793,0.13218689,-0.72576904,0.2045742
7867,1.473877,-121.607666,36.080475,-1229.162,-415.96875,76561198173700433,aVa,0,galilar,rifle,253.23002983793793,0.13218689,-0.72576904,0.2045742
7868,1.5621185,-120.60608,35.882385,-1230.5118,-415.96875,76561198173700433,aVa,0,galilar,rifle,253.23002983793793,0.13218689,-0.72576904,0.2045742
7869,1.6060638,-119.71838,35.816467,-1231.7059,-415.96875,76561198173700433,aVa,0,galilar,rifle,253.23002983793793,0.13218689,-0.72576904,0.2045742
7870,1.6280365,-119.12335,35.728226,-1232.4974,-415.96875,76561198173700433,aVa,0,galilar,rifle,253.23002983793793,0.13218689,-0.72576904,0.2045742
7871,1.7159271,-118.760254,35.44223,-1232.9674,-415.96875,76561198173700433,aVa,0,galilar,rifle,253.23002983793793,0.13218689,-0.72576904,0.2045742
7872,1.848114,-118.62372,34.71646,-1233.1198,-415.96875,76561198173700433,aVa,0,galilar,rifle,253.23002983793793,0.13218689,-0.72576904,0.2045742
